timestamp,source,severity,message
2024-12-27T03:00:00Z,UNIT-003,WARNING,Pressure fluctuation detected - 115 PSI to 102 PSI
2024-12-27T03:06:00Z,UNIT-003,INFO,Pressure compensation algorithm adjusted
2024-12-27T03:18:00Z,UNIT-003,INFO,Pressure stabilized following automated adjustment
2025-01-02T01:09:23Z,UNIT-003,INFO,Routine sensor calibration completed
2025-01-08T10:07:16Z,UNIT-009,WARNING,Minor flow instability detected
2025-01-14T08:04:08Z,UNIT-012,ERROR,Temperature exceeded operational threshold - 82°C
2025-01-19T01:20:13Z,UNIT-003,INFO,Routine sensor calibration completed
2025-01-26T03:00:00Z,UNIT-003,WARNING,Pressure fluctuation detected - 115 PSI to 102 PSI
2025-01-26T03:06:00Z,UNIT-003,INFO,Pressure compensation algorithm adjusted
2025-01-26T03:18:00Z,UNIT-003,INFO,Pressure stabilized following automated adjustment
2025-01-26T08:00:14Z,SYSTEM,INFO,Monthly system integrity scan completed
2025-01-27T01:44:29Z,UNIT-007,INFO,Backup valve activated
2025-01-27T04:40:57Z,UNIT-003,ERROR,Pressure sensor calibration drift detected
2025-01-28T05:41:58Z,UNIT-012,INFO,Routine thermal sensor check completed
2025-02-02T14:41:42Z,UNIT-007,CRITICAL,ALERT: Pressure drop detected - 120 PSI to 85 PSI
2025-02-15T11:44:46Z,UNIT-012,WARNING,Temperature reading above normal threshold - 76°C
2025-02-25T03:00:00Z,UNIT-003,WARNING,Pressure fluctuation detected - 115 PSI to 102 PSI
2025-02-25T03:06:00Z,UNIT-003,INFO,Pressure compensation algorithm adjusted
2025-02-25T03:18:00Z,UNIT-003,INFO,Pressure stabilized following automated adjustment
2025-03-01T23:59:09Z,UNIT-007,WARNING,Pressure fluctuation detected - 118 PSI to 104 PSI
2025-03-06T16:30:09Z,UNIT-009,INFO,Flow control recalibration completed
2025-03-09T22:13:03Z,SYSTEM,INFO,Monthly system integrity scan completed
2025-03-17T17:51:26Z,UNIT-007,ERROR,Valve actuation delay exceeded tolerance
2025-03-18T07:05:09Z,UNIT-003,ERROR,Pressure sensor calibration drift detected
2025-03-20T12:44:05Z,UNIT-012,INFO,Routine thermal sensor check completed
2025-03-22T09:20:57Z,UNIT-009,INFO,Flow control recalibration completed
2025-03-26T18:55:45Z,UNIT-012,INFO,Routine thermal sensor check completed
2025-03-27T03:00:00Z,UNIT-003,WARNING,Pressure fluctuation detected - 115 PSI to 102 PSI
2025-03-27T03:06:00Z,UNIT-003,INFO,Pressure compensation algorithm adjusted
2025-03-27T03:18:00Z,UNIT-003,INFO,Pressure stabilized following automated adjustment
2025-03-27T14:51:43Z,SYSTEM,INFO,Monthly system integrity scan completed
2025-04-15T23:00:37Z,SYSTEM,INFO,Monthly system integrity scan completed
2025-04-26T03:00:00Z,UNIT-003,WARNING,Pressure fluctuation detected - 115 PSI to 102 PSI
2025-04-26T03:06:00Z,UNIT-003,INFO,Pressure compensation algorithm adjusted
2025-04-26T03:18:00Z,UNIT-003,INFO,Pressure stabilized following automated adjustment
2025-05-08T23:07:46Z,UNIT-003,WARNING,Pressure fluctuation detected - 115 PSI to 102 PSI
2025-05-11T22:56:58Z,UNIT-009,INFO,Flow control recalibration completed
2025-05-17T09:33:23Z,UNIT-012,INFO,Routine thermal sensor check completed
2025-05-18T20:40:57Z,UNIT-009,INFO,Flow rate within expected parameters
2025-05-26T03:00:00Z,UNIT-003,WARNING,Pressure fluctuation detected - 115 PSI to 102 PSI
2025-05-26T03:06:00Z,UNIT-003,INFO,Pressure compensation algorithm adjusted
2025-05-26T03:18:00Z,UNIT-003,INFO,Pressure stabilized following automated adjustment
2025-05-27T16:48:57Z,UNIT-009,INFO,Flow control recalibration completed
2025-06-01T14:18:21Z,UNIT-005,INFO,Routine lubrication cycle completed
2025-06-08T23:00:41Z,UNIT-003,INFO,Routine sensor calibration completed
2025-06-10T22:48:33Z,SYSTEM,INFO,Monthly system integrity scan completed
2025-06-14T12:32:28Z,UNIT-009,INFO,Flow control recalibration completed
2025-06-22T12:08:07Z,UNIT-005,WARNING,Vibration levels trending upward over baseline
2025-06-25T03:00:00Z,UNIT-003,WARNING,Pressure fluctuation detected - 115 PSI to 102 PSI
2025-06-25T03:06:00Z,UNIT-003,INFO,Pressure compensation algorithm adjusted
2025-06-25T03:18:00Z,UNIT-003,INFO,Pressure stabilized following automated adjustment
2025-06-27T03:48:02Z,UNIT-005,INFO,Routine lubrication cycle completed
2025-06-29T21:45:39Z,UNIT-009,WARNING,Minor flow instability detected
2025-06-29T21:56:10Z,UNIT-003,INFO,Routine sensor calibration completed
2025-06-30T15:07:45Z,UNIT-009,WARNING,Minor flow instability detected
2025-07-20T18:19:48Z,UNIT-009,INFO,Flow control recalibration completed
2025-07-25T03:00:00Z,UNIT-003,WARNING,Pressure fluctuation detected - 115 PSI to 102 PSI
2025-07-25T03:06:00Z,UNIT-003,INFO,Pressure compensation algorithm adjusted
2025-07-25T03:18:00Z,UNIT-003,INFO,Pressure stabilized following automated adjustment
2025-07-29T18:44:10Z,UNIT-009,WARNING,Minor flow instability detected
2025-08-04T08:34:05Z,UNIT-003,WARNING,Pressure reading below normal threshold - 98 PSI
2025-08-15T10:13:15Z,SYSTEM,INFO,Monthly system integrity scan completed
2025-08-26T07:07:52Z,UNIT-009,WARNING,Minor flow instability detected
2025-09-04T22:42:03Z,UNIT-012,INFO,Routine thermal sensor check completed
2025-09-21T04:23:08Z,SYSTEM,INFO,Daily maintenance check completed - all systems nominal
2025-09-24T23:52:23Z,UNIT-003,ERROR,Pressure sensor calibration drift detected
2025-10-02T08:41:18Z,UNIT-009,INFO,Flow rate within expected parameters
2025-10-05T20:00:00Z,UNIT-005,INFO,Routine vibration analysis completed
2025-10-06T03:19:33Z,UNIT-007,CRITICAL,ALERT: Pressure drop detected - 120 PSI to 85 PSI
2025-10-08T04:05:39Z,UNIT-003,CRITICAL,ALERT: Pressure drop detected - 110 PSI to 80 PSI
2025-10-09T20:00:00Z,UNIT-005,WARNING,Vibration levels trending upward over baseline
2025-10-13T03:19:29Z,UNIT-007,WARNING,Pressure fluctuation detected - 118 PSI to 104 PSI
2025-10-13T20:00:00Z,UNIT-005,WARNING,Vibration variance increasing - monitor recommended
2025-10-17T20:00:00Z,UNIT-005,ERROR,Vibration exceeded warning threshold - inspect bearings
2025-10-18T08:42:53Z,UNIT-012,INFO,Routine thermal sensor check completed
2025-10-21T20:00:00Z,UNIT-005,ERROR,Sustained vibration above limit - maintenance required
2025-10-25T20:00:00Z,UNIT-005,INFO,Lubrication cycle completed
2025-10-27T15:53:16Z,UNIT-012,CRITICAL,ALERT: Rapid temperature spike detected - 68°C to 92°C
2025-10-29T20:00:00Z,UNIT-005,INFO,Post-maintenance vibration back within tolerance
2025-11-06T14:55:36Z,UNIT-005,INFO,Routine lubrication cycle completed
2025-11-14T01:02:53Z,SYSTEM,INFO,Daily maintenance check completed - all systems nominal
2025-11-17T19:49:16Z,SYSTEM,INFO,Monthly system integrity scan completed
2025-11-20T02:20:17Z,UNIT-012,INFO,Routine thermal sensor check completed
2025-11-21T00:16:53Z,UNIT-007,ERROR,Valve actuation delay exceeded tolerance
2025-11-23T08:49:33Z,UNIT-009,INFO,Flow control recalibration completed
2025-11-28T10:18:56Z,UNIT-009,INFO,Flow control recalibration completed
2025-12-06T10:58:47Z,UNIT-007,WARNING,Pressure fluctuation detected - 118 PSI to 104 PSI
2025-12-06T12:00:00Z,UNIT-012,INFO,Routine thermal sensor check completed
2025-12-06T12:07:00Z,UNIT-012,WARNING,Temperature reading above normal threshold - 76°C
2025-12-06T12:14:00Z,UNIT-012,ERROR,Temperature exceeded safe operating limit - 82°C
2025-12-06T12:21:00Z,UNIT-012,INFO,Cooling system cycle initiated
2025-12-06T12:28:00Z,UNIT-012,INFO,Temperature returned to acceptable range - 69°C
2025-12-12T14:32:00Z,UNIT-007,WARNING,Pressure fluctuation detected - 118 PSI to 104 PSI
2025-12-12T14:32:45Z,UNIT-007,INFO,Automatic pressure compensation engaged
2025-12-12T14:33:30Z,UNIT-007,WARNING,Pressure remains below optimal threshold - 102 PSI
2025-12-12T14:34:15Z,UNIT-007,CRITICAL,ALERT: Pressure drop detected - 120 PSI to 85 PSI
2025-12-12T14:35:00Z,UNIT-007,ERROR,Valve response delay detected during pressure event
2025-12-12T14:35:45Z,UNIT-007,INFO,Backup valve activated
2025-12-12T14:36:30Z,UNIT-007,INFO,Pressure stabilizing - 92 PSI
2025-12-12T14:37:15Z,UNIT-007,INFO,Pressure restored to normal - 118 PSI
